<?xml version="1.0" encoding="UTF-8"?>
<classes>
	<channelClass value="A">
		<channel name="Agoda-XML" value="A" base-th="4">Agoda-XML</channel>
		<channel name="Hrs-XML" value="A" base-th="4">Hrs-XML</channel>
		<channel name="Orbitz-XML" value="A" base-th="4">Orbitz-XML</channel>
		<channel name="Expedia-XML" value="A" base-th="4">Expedia-XML</channel>
		<channel name="Bookings-XML" value="A" base-th="4">Bookings-XML</channel>
		<channel name="HotelBeds-XML" value="A" base-th="4">HotelBeds-XML</channel>
		<channel name="Gekko-XML" value="A" base-th="4">Gekko-XML</channel>
		<channel name="GTA-XML" value="A" base-th="4">GTA-XML</channel>
		<channel name="DJocaTravel-XML" value="A" base-th="4">DJocaTravel-XML</channel>
		<channel name="HotelsCombined-XML" value="A" base-th="4">HotelsCombined-XML</channel>
		<channel name="Prestigia-XML" value="A" base-th="4">Prestigia-XML</channel>
		<channel name="Hotels4U.com-XML" value="A" base-th="4">Hotels4U.com-XML</channel>
		<channel name="LateRooms" value="A" base-th="4">LateRooms</channel>
		<channel name="JacTravel-XML" value="A" base-th="2">JacTravel-XML</channel>
		<channel name="Lastminute-GHE-XML" value="A" base-th="4">Lastminute-GHE-XML</channel>
	</channelClass>
	<channelClass value="B">
		<channel name="Hotwire-XML" value="B" base-th="">Hotwire-XML</channel>
		<channel name="WHL-XML" value="B" base-th="">WHL-XML</channel>
		<channel name="Ctrip-XML" value="B" base-th="">Ctrip-XML</channel>
		<channel name="HotelSpecials-XML" value="B" base-th="">HotelSpecials-XML</channel>
		<channel name="STGlobe-XML" value="B" base-th="">STGlobe-XML</channel>
		<channel name="Rakuten-XML" value="B" base-th="">Rakuten-XML</channel>
		<channel name="Hotusa-XML" value="B" base-th="">Hotusa-XML</channel>
		<channel name="Keytel-XML" value="B" base-th="">Keytel-XML</channel>
		<channel name="SunHotels-XML" value="B" base-th="">SunHotels-XML</channel>
		<channel name="TouricoHolidays-XML" value="B" base-th="">TouricoHolidays-XML</channel>
		<channel name="Priceline-XML" value="B" base-th="">Priceline-XML</channel>
		<channel name="Easytobook-XML" value="B" base-th="">Easytobook-XML</channel>
		<channel name="TabletCRS-XML" value="B" base-th="">TabletCRS-XML</channel>
		<channel name="Splendia-XML" value="B" base-th="">Splendia-XML</channel>
		<channel name="WelcomeBeds-XML" value="B" base-th="">WelcomeBeds-XML</channel>
		<channel name="TOMAS-XML" value="B" base-th="">TOMAS-XML</channel>
		<channel name="Pegasus-XML" value="B" base-th="">Pegasus-XML</channel>
		<channel name="hotelreservation-XML" value="B" base-th="">hotelreservation-XML</channel>
		<channel name="AbreuOnline-XML" value="B" base-th="">AbreuOnline-XML</channel>
		<channel name="MetGlobal-XML" value="B" base-th="">MetGlobal-XML</channel>
	</channelClass>
	<channelClass value="C">
		<channel name="Hoojoozat-XML" value="C">Hoojoozat-XML</channel>
		<channel name="Asiatravel.com" value="C">Asiatravel.com</channel>
		<channel name="WIHP-XML" value="C">WIHP-XML</channel>
		<channel name="HotelTravel-XML" value="C">HotelTravel-XML</channel>
		<channel name="BestHotelOnline-XML" value="C">BestHotelOnline-XML</channel>
		<channel name="CityzenBooking-XML" value="C">CityzenBooking-XML</channel>
		<channel name="TouricoHolidays" value="C">TouricoHolidays</channel>
		<channel name="JumboOnline-XML" value="C">JumboOnline-XML</channel>
		<channel name="Juniper-XML" value="C">Juniper-XML</channel>
		<channel name="Travelguru-XML" value="C">Travelguru-XML</channel>
		<channel name="Cleartrip-XML" value="C">Cleartrip-XML</channel>
		<channel name="Hotel.de-XML" value="C">Hotel.de-XML</channel>
		<channel name="SynxisCRS-XML" value="C">SynxisCRS-XML</channel>
		<channel name="LogiTravel-XML" value="C">LogiTravel-XML</channel>
		<channel name="ThinkHotels-XML" value="C">ThinkHotels-XML</channel>
		<channel name="SerhsTourism-XML" value="C">SerhsTourism-XML</channel>
		<channel name="BookIt-XML" value="C">BookIt-XML</channel>
		<channel name="SuperBreak-XML" value="C">SuperBreak-XML</channel>
		<channel name="Travelocity-GHE-XML" value="C">Travelocity-GHE-XML</channel>
		<channel name="GetaRoom-XML" value="C">GetaRoom-XML</channel>
	</channelClass>
	<channelClass value="D">
		<channel name="Hotels.nl-XML" value="D">Hotels.nl-XML</channel>
		<channel name="STC-XML" value="D">STC-XML</channel>
		<channel name="LateRooms2-XML" value="D">LateRooms2-XML</channel>
		<channel name="Atrapalo-XML" value="D">Atrapalo-XML</channel>
		<channel name="TravelRepublic-XML" value="D">TravelRepublic-XML</channel>
		<channel name="ViajeselCorteingles-XML" value="D">ViajeselCorteingles-XML</channel>
		<channel name="SuperBreak-XML-PKG" value="D">SuperBreak-XML-PKG</channel>
		<channel name="Budgetplaces-XML" value="D">Budgetplaces-XML</channel>
		<channel name="iHotelier" value="D">iHotelier</channel>
		<channel name="Reconline-XML" value="D">Reconline-XML</channel>
		<channel name="Weekendjeweg-XML" value="D">Weekendjeweg-XML</channel>
		<channel name="MrAndMrsSmith-XML" value="D">MrAndMrsSmith-XML</channel>
		<channel name="NTIncoming-XML" value="D">NTIncoming-XML</channel>
		<channel name="CityBreak-XML" value="D">CityBreak-XML</channel>
		<channel name="GoIbibo-XML" value="D">GoIbibo-XML</channel>
		<channel name="Bestday-XML" value="D">Bestday-XML</channel>
		<channel name="Bookassist-XML" value="D">Bookassist-XML</channel>
		<channel name="Laterooms-XML" value="D">Laterooms-XML</channel>
		<channel name="FastBooking-XML" value="D">FastBooking-XML</channel>
		<channel name="Idiso" value="D">Idiso</channel>
	</channelClass>
	<channelClass value="E">
		<channel name="ViajeselCorteingles" value="E">ViajeselCorteingles</channel>
		<channel name="Travco.co.uk" value="E">Travco.co.uk</channel>
		<channel name="Innlink-XML" value="E">Innlink-XML</channel>
		<channel name="BookingForce-XML" value="E">BookingForce-XML</channel>
		<channel name="Despegar-XML" value="E">Despegar-XML</channel>
		<channel name="EMOS" value="E">EMOS</channel>
		<channel name="TotalStay" value="E">TotalStay</channel>
		<channel name="RezView" value="E">RezView</channel>
		<channel name="HostelWorld-XML" value="E">HostelWorld-XML</channel>
		<channel name="In1Solutions-XML" value="E">In1Solutions-XML</channel>
	</channelClass>
	<channelClass value="F">
		<channel name="WebHotelier-XML" value="F">WebHotelier-XML</channel>
		<channel name="CentralR" value="F">CentralR</channel>
		<channel name="Cisalpina-XML" value="F">Cisalpina-XML</channel>
		<channel name="PriceTravel-XML" value="F">PriceTravel-XML</channel>
		<channel name="LowCostHolidays-XML" value="F">LowCostHolidays-XML</channel>
		<channel name="MakeMyTrip-XML" value="F">MakeMyTrip-XML</channel>
	</channelClass>
	<channelClass value="G">
		<channel name="NetAffinity-XML" value="G">NetAffinity-XML</channel>
		<channel name="Synxis-RedX" value="G">Synxis-RedX</channel>
		<channel name="Euromundo-XML" value="G">Euromundo-XML</channel>
		<channel name="Bookit.com" value="G">Bookit.com</channel>
		<channel name="BYS" value="G" special="MINOR">BYS</channel>
		<channel name="RoomValues-XML" value="G" special="MINOR">RoomValues-XML</channel>
		<channel name="HotelSearch.com-XML" value="G" special="MINOR">HotelSearch.com-XML</channel>
		<channel name="SimpleBooking-XML" value="G" special="MINOR">SimpleBooking-XML</channel>
		<channel name="Weekendesk" value="G" special="MINOR">Weekendesk</channel>
	</channelClass>
</classes>